"Table_Number","Year","Measure","Age","Sex","Indigenous_Status","Remoteness","Disability_Status","Equity_Group","Year_Dollars","Description1","Description2","Description3","Description4","Uncertainty","Data_Source","Unit","NSW","Vic","Qld","WA","SA","Tas","ACT","NT","Aust"
"GA.1","2024-25","Recurrent expenditure","All ages","All people","All people","All areas","","","2024-25 dollars","Australian Government funding","National Agreement funding","","","","Derived from Australian Treasury Final Budget Outcome; ABS Australian National Accounts: National Income Expenditure and Product","$m","539.6","451.0","355.4","190.5","119.7","37.4","30.1","55.6","1779.3"
"GA.1","2024-25","Recurrent expenditure","All ages","All people","All people","Remote","","","2024-25 dollars","Australian Government funding","National Partnership payments","Remote housing","","","Derived from Australian Treasury Final Budget Outcome; ABS Australian National Accounts: National Income Expenditure and Product","$m","0","0","0","0","0","0","0","82.6","82.6"
"GA.1","2024-25","Recurrent expenditure","All ages","All people","All people","All areas","","","2024-25 dollars","Australian Government funding","National Partnership payments","Social Housing Accelerator Payment","","","Derived from Australian Treasury Final Budget Outcome; ABS Australian National Accounts: National Income Expenditure and Product","$m","..","..","..","..","..","..","..","..",".."
"GA.1","2024-25","Recurrent expenditure","All ages","All people","All people","All areas","","","2024-25 dollars","Australian Government funding","National Partnership payments","Social impact investment","","","Derived from Australian Treasury Final Budget Outcome; ABS Australian National Accounts: National Income Expenditure and Product","$m","1.3","0","0","0","0","0","0","0","1.3"
"GA.1","2024-25","Recurrent expenditure","All ages","All people","All people","All areas","","","2024-25 dollars","Australian Government funding","Total NHHA related funding","Total","","","Derived from Australian Treasury Final Budget Outcome; ABS Australian National Accounts: National Income Expenditure and Product","$m","540.9","451.0","355.4","190.5","119.7","37.4","30.1","138.2","1863.2"
"GA.1","2023-24","Recurrent expenditure","All ages","All people","All people","All areas","","","2024-25 dollars","Australian Government funding","National Agreement funding","","","","Derived from Australian Treasury Final Budget Outcome; ABS Australian National Accounts: National Income Expenditure and Product","$m","534.6","452.1","368.6","197.6","124.1","38.8","31.2","22.5","1769.4"
"GA.1","2023-24","Recurrent expenditure","All ages","All people","All people","Remote","","","2024-25 dollars","Australian Government funding","National Partnership payments","Remote housing","","","Derived from Australian Treasury Final Budget Outcome; ABS Australian National Accounts: National Income Expenditure and Product","$m","0","0","0","0","0","0","0","247.4","247.4"
"GA.1","2023-24","Recurrent expenditure","All ages","All people","All people","All areas","","","2024-25 dollars","Australian Government funding","National Partnership payments","Social Housing Accelerator Payment","","","Derived from Australian Treasury Final Budget Outcome; ABS Australian National Accounts: National Income Expenditure and Product","$m","..","..","..","..","..","..","..","..",".."
"GA.1","2023-24","Recurrent expenditure","All ages","All people","All people","All areas","","","2024-25 dollars","Australian Government funding","National Partnership payments","Social impact investment","","","Derived from Australian Treasury Final Budget Outcome; ABS Australian National Accounts: National Income Expenditure and Product","$m","0.8","0","0","0","0","0","0","0","0.8"
"GA.1","2023-24","Recurrent expenditure","All ages","All people","All people","All areas","","","2024-25 dollars","Australian Government funding","Total NHHA related funding","Total","","","Derived from Australian Treasury Final Budget Outcome; ABS Australian National Accounts: National Income Expenditure and Product","$m","535.5","452.1","368.6","197.6","124.1","38.8","31.2","269.9","2017.6"
"GA.1","2022-23","Recurrent expenditure","All ages","All people","All people","All areas","","","2024-25 dollars","Australian Government funding","National Agreement funding","","","","Derived from Australian Treasury Final Budget Outcome; ABS Australian National Accounts: National Income Expenditure and Product","$m","541.4","455.4","371.8","197.9","126.3","39.8","31.7","22.8","1787.3"
"GA.1","2022-23","Recurrent expenditure","All ages","All people","All people","Remote","","","2024-25 dollars","Australian Government funding","National Partnership payments","Remote housing","","","Derived from Australian Treasury Final Budget Outcome; ABS Australian National Accounts: National Income Expenditure and Product","$m","0","0","0","0","0","0","0","150.1","150.1"
"GA.1","2022-23","Recurrent expenditure","All ages","All people","All people","All areas","","","2024-25 dollars","Australian Government funding","National Partnership payments","Social Housing Accelerator Payment","","","Derived from Australian Treasury Final Budget Outcome; ABS Australian National Accounts: National Income Expenditure and Product","$m","662.4","539.1","432.5","227.1","147.4","54.3","54.3","54.3","2171.6"
"GA.1","2022-23","Recurrent expenditure","All ages","All people","All people","All areas","","","2024-25 dollars","Australian Government funding","National Partnership payments","Social impact investment","","","Derived from Australian Treasury Final Budget Outcome; ABS Australian National Accounts: National Income Expenditure and Product","$m","0.3","0","0","0","0","0","0","0","0.3"
"GA.1","2022-23","Recurrent expenditure","All ages","All people","All people","All areas","","","2024-25 dollars","Australian Government funding","Total NHHA related funding","Total","","","Derived from Australian Treasury Final Budget Outcome; ABS Australian National Accounts: National Income Expenditure and Product","$m","1204.1","994.5","804.2","425.1","273.7","94.1","86.0","227.1","4109.2"
"GA.1","2021-22","Recurrent expenditure","All ages","All people","All people","All areas","","","2024-25 dollars","Australian Government funding","National Agreement funding","","","","Derived from Australian Treasury Final Budget Outcome; ABS Australian National Accounts: National Income Expenditure and Product","$m","557.2","467.0","381.4","202.8","130.2","41.6","32.6","23.6","1836.6"
"GA.1","2021-22","Recurrent expenditure","All ages","All people","All people","Remote","","","2024-25 dollars","Australian Government funding","National Partnership payments","Remote housing","","","Derived from Australian Treasury Final Budget Outcome; ABS Australian National Accounts: National Income Expenditure and Product","$m","0","0","0","0","0","0","0","96.7","96.7"
"GA.1","2021-22","Recurrent expenditure","All ages","All people","All people","All areas","","","2024-25 dollars","Australian Government funding","National Partnership payments","Social impact investment","","","Derived from Australian Treasury Final Budget Outcome; ABS Australian National Accounts: National Income Expenditure and Product","$m","0","0","0","0","0.8","0","0","0","0.8"
"GA.1","2021-22","Recurrent expenditure","All ages","All people","All people","All areas","","","2024-25 dollars","Australian Government funding","Total NHHA related funding","Total","","","Derived from Australian Treasury Final Budget Outcome; ABS Australian National Accounts: National Income Expenditure and Product","$m","557.2","467.0","381.4","202.8","131.0","41.6","32.6","120.3","1934.1"
"GA.1","2020-21","Recurrent expenditure","All ages","All people","All people","All areas","","","2024-25 dollars","Australian Government funding","National Agreement funding","","","","Derived from Australian Treasury Final Budget Outcome; ABS Australian National Accounts: National Income Expenditure and Product","$m","573.0","481.6","383.7","200.4","130.3","40.5","31.8","23.9","1864.9"
"GA.1","2020-21","Recurrent expenditure","All ages","All people","All people","Remote","","","2024-25 dollars","Australian Government funding","National Partnership payments","Remote housing","","","Derived from Australian Treasury Final Budget Outcome; ABS Australian National Accounts: National Income Expenditure and Product","$m","0","0","117.0","0","0","0","0","27.5","144.4"
"GA.1","2020-21","Recurrent expenditure","All ages","All people","All people","All areas","","","2024-25 dollars","Australian Government funding","National Partnership payments","Social impact investment","","","Derived from Australian Treasury Final Budget Outcome; ABS Australian National Accounts: National Income Expenditure and Product","$m","0","0","0","0","0.6","0","0","0","0.6"
"GA.1","2020-21","Recurrent expenditure","All ages","All people","All people","All areas","","","2024-25 dollars","Australian Government funding","Total NHHA related funding","Total","","","Derived from Australian Treasury Final Budget Outcome; ABS Australian National Accounts: National Income Expenditure and Product","$m","573.0","481.6","500.7","200.4","130.9","40.5","31.8","51.3","2009.9"
"GA.1","2019-20","Recurrent expenditure","All ages","All people","All people","All areas","","","2024-25 dollars","Australian Government funding","National Agreement funding","","","","Derived from Australian Treasury Final Budget Outcome; ABS Australian National Accounts: National Income Expenditure and Product","$m","570.6","479.1","378.8","197.3","129.2","40.0","31.3","23.5","1849.8"
"GA.1","2019-20","Recurrent expenditure","All ages","All people","All people","Remote","","","2024-25 dollars","Australian Government funding","National Partnership payments","Remote housing","","","Derived from Australian Treasury Final Budget Outcome; ABS Australian National Accounts: National Income Expenditure and Product","$m","0","0","0","0","0","0","0","97.9","97.9"
"GA.1","2019-20","Recurrent expenditure","All ages","All people","All people","All areas","","","2024-25 dollars","Australian Government funding","Total NHHA related funding","Total","","","Derived from Australian Treasury Final Budget Outcome; ABS Australian National Accounts: National Income Expenditure and Product","$m","570.6","479.1","378.8","197.3","129.2","40.0","31.3","121.4","1947.6"
"GA.1","2018-19","Recurrent expenditure","All ages","All people","All people","All areas","","","2024-25 dollars","Australian Government funding","National Agreement funding","","","","Derived from Australian Treasury Final Budget Outcome; ABS Australian National Accounts: National Income Expenditure and Product","$m","573.4","475.6","378.2","196.8","129.4","40.0","31.3","23.7","1848.1"
"GA.1","2018-19","Recurrent expenditure","All ages","All people","All people","Remote","","","2024-25 dollars","Australian Government funding","National Partnership payments","Remote housing","","","Derived from Australian Treasury Final Budget Outcome; ABS Australian National Accounts: National Income Expenditure and Product","$m","0","0","0","145.6","45.1","0","0","42.1","232.9"
"GA.1","2018-19","Recurrent expenditure","All ages","All people","All people","All areas","","","2024-25 dollars","Australian Government funding","Total NHHA related funding","Total","","","Derived from Australian Treasury Final Budget Outcome; ABS Australian National Accounts: National Income Expenditure and Product","$m","573.4","475.6","378.2","342.4","174.5","40.0","31.3","65.8","2081.0"
"GA.2","2019-20","Low income rental households","All ages","All people","All people","All areas","","","","Lower income private renter households","","Paying more than 30% of income on housing costs","Proportion","","ABS (unpublished) Survey of Income and Housing Australia","%","58.0","50.2","52.9","45.1","40.6","36.8","61.3","56.6","52.5"
"GA.2","2019-20","Low income rental households","All ages","All people","All people","All areas","","","","Lower income private renter households","","Paying more than 30% of income on housing costs","Proportion","95%CI","ABS (unpublished) Survey of Income and Housing Australia","%","6.9","9.2","8.2","12.7","9.8","8.0","19.5","8.9","3.1"
"GA.2","2019-20","Low income rental households","All ages","All people","All people","All areas","","","","Lower income private renter households","","Paying more than 30% of income on housing costs","Number","","ABS (unpublished) Survey of Income and Housing Australia","no.","193776","122945","148837","45388","28627","11236","4578","3284","565584"
"GA.2","2019-20","Low income rental households","All ages","All people","All people","All areas","","","","Lower income private renter households","","","Total","","ABS (unpublished) Survey of Income and Housing Australia","no.","334220","245150","281232","100678","70545","30522","7472","5807","1077033"
"GA.2","2017-18","Low income rental households","All ages","All people","All people","All areas","","","","Lower income private renter households","","Paying more than 30% of income on housing costs","Proportion","","ABS (unpublished) Survey of Income and Housing Australia","%","57.8","49.6","44.9","51.6","37.5","27.7","72.8","62.0","50.2"
"GA.2","2017-18","Low income rental households","All ages","All people","All people","All areas","","","","Lower income private renter households","","Paying more than 30% of income on housing costs","Proportion","95%CI","ABS (unpublished) Survey of Income and Housing Australia","%","5.1","6.5","7.0","4.3","8.0","6.6","16.4","14.0","3.1"
"GA.2","2017-18","Low income rental households","All ages","All people","All people","All areas","","","","Lower income private renter households","","Paying more than 30% of income on housing costs","Number","","ABS (unpublished) Survey of Income and Housing Australia","no.","193439","135659","121291","51148","28479","7090","8038","2101","546777"
"GA.2","2017-18","Low income rental households","All ages","All people","All people","All areas","","","","Lower income private renter households","","","Total","","ABS (unpublished) Survey of Income and Housing Australia","no.","334473","273682","270145","99078","75997","25634","11048","3386","1089618"
"GA.2","2015-16","Low income rental households","All ages","All people","All people","All areas","","","","Lower income private renter households","","Paying more than 30% of income on housing costs","Proportion","","ABS (unpublished) Survey of Income and Housing Australia","%","58.8","54.3","43.3","61.4","46.1","28.7","60.9","91.0","52.2"
"GA.2","2015-16","Low income rental households","All ages","All people","All people","All areas","","","","Lower income private renter households","","Paying more than 30% of income on housing costs","Proportion","95%CI","ABS (unpublished) Survey of Income and Housing Australia","%","6.8","6.7","5.5","6.9","7.0","5.2","17.2","4.3","3.2"
"GA.2","2015-16","Low income rental households","All ages","All people","All people","All areas","","","","Lower income private renter households","","Paying more than 30% of income on housing costs","Number","","ABS (unpublished) Survey of Income and Housing Australia","no.","190366","137644","101560","58618","42019","7539","6460","2556","543797"
"GA.2","2015-16","Low income rental households","All ages","All people","All people","All areas","","","","Lower income private renter households","","","Total","","ABS (unpublished) Survey of Income and Housing Australia","no.","323582","253581","234501","95426","91139","26273","10602","2809","1041042"
"GA.2","2013-14","Low income rental households","All ages","All people","All people","All areas","","","","Lower income private renter households","","Paying more than 30% of income on housing costs","Proportion","","ABS (unpublished) Survey of Income and Housing Australia","%","61.2","46.1","53.6","60.4","45.3","36.9","66.2","64.4","53.7"
"GA.2","2013-14","Low income rental households","All ages","All people","All people","All areas","","","","Lower income private renter households","","Paying more than 30% of income on housing costs","Proportion","95%CI","ABS (unpublished) Survey of Income and Housing Australia","%","5.0","7.2","4.7","11.4","7.9","5.1","17.6","22.1","3.2"
"GA.2","2013-14","Low income rental households","All ages","All people","All people","All areas","","","","Lower income private renter households","","Paying more than 30% of income on housing costs","Number","","ABS (unpublished) Survey of Income and Housing Australia","no.","173241","104259","129014","47855","33442","9305","4678","2734","504528"
"GA.2","2013-14","Low income rental households","All ages","All people","All people","All areas","","","","Lower income private renter households","","","Total","","ABS (unpublished) Survey of Income and Housing Australia","no.","282845","226259","240589","79250","73779","25234","7063","4244","939262"
"GA.2","2011-12","Low income rental households","All ages","All people","All people","All areas","","","","Lower income private renter households","","Paying more than 30% of income on housing costs","Proportion","","ABS (unpublished) Survey of Income and Housing Australia","%","51.4","50.1","53.9","50.1","40.9","37.6","59.7","60.1","50.5"
"GA.2","2011-12","Low income rental households","All ages","All people","All people","All areas","","","","Lower income private renter households","","Paying more than 30% of income on housing costs","Proportion","95%CI","ABS (unpublished) Survey of Income and Housing Australia","%","5.6","5.8","4.8","10.3","9.0","5.4","15.0","18.5","2.5"
"GA.2","2011-12","Low income rental households","All ages","All people","All people","All areas","","","","Lower income private renter households","","Paying more than 30% of income on housing costs","Number","","ABS (unpublished) Survey of Income and Housing Australia","no.","151498","115590","116804","38007","26958","10181","4146","2773","465956"
"GA.2","2011-12","Low income rental households","All ages","All people","All people","All areas","","","","Lower income private renter households","","","Total","","ABS (unpublished) Survey of Income and Housing Australia","no.","294976","230498","216826","75926","65963","27102","6945","4615","922850"
"GA.3","2019-20","Housing affordability","All ages","All people","All people","All areas","","","","Homes sold or built that are affordable by low and moderate income households","","","Per 1000 low and moderate income households","","CoreLogic (unpublished); ABS (unpublished) Survey of Income and Housing Australia","rate","25.1","25.5","44.9","45.4","35.3","49.0","55.1","39.8","33.2"
"GA.3","2017-18","Housing affordability","All ages","All people","All people","All areas","","","","Homes sold or built that are affordable by low and moderate income households","","","Per 1000 low and moderate income households","","CoreLogic (unpublished); ABS (unpublished) Survey of Income and Housing Australia","rate","17.4","39.9","46.8","52.8","45.8","75.3","40.7","42.3","36.8"
"GA.3","2015-16","Housing affordability","All ages","All people","All people","All areas","","","","Homes sold or built that are affordable by low and moderate income households","","","Per 1000 low and moderate income households","","CoreLogic (unpublished); ABS (unpublished) Survey of Income and Housing Australia","rate","21.8","39.6","56.0","28.8","30.0","53.7","63.2","35.1","36.1"
"GA.3","2013-14","Housing affordability","All ages","All people","All people","All areas","","","","Homes sold or built that are affordable by low and moderate income households","","","Per 1000 low and moderate income households","","CoreLogic (unpublished); ABS (unpublished) Survey of Income and Housing Australia","rate","37.3","40.0","66.1","30.7","50.1","55.8","62.2","55.1","45.0"
"GA.3","2011-12","Housing affordability","All ages","All people","All people","All areas","","","","Homes sold or built that are affordable by low and moderate income households","","","Per 1000 low and moderate income households","","CoreLogic (unpublished); ABS (unpublished) Survey of Income and Housing Australia","rate","31.5","28.0","20.4","23.2","27.8","37.5","37.1","36.5","27.5"
"GA.4","2024-25","Recurrent expenditure","All ages","All people","All people","All areas","","","2024-25 dollars","Australian Government real expenditure","Commonwealth Rent Assistance (CRA)","","","","Derived from Australian Government Department of Social Services (unpublished); ABS Australian National Accounts: National Income Expenditure and Product","$m","2149.3","1445.6","1591.4","508.6","453.4","184.0","49.0","37.8","6419.7"
"GA.4","2023-24","Recurrent expenditure","All ages","All people","All people","All areas","","","2024-25 dollars","Australian Government real expenditure","Commonwealth Rent Assistance (CRA)","","","","Derived from Australian Government Department of Social Services (unpublished); ABS Australian National Accounts: National Income Expenditure and Product","$m","1907.1","1259.1","1437.7","455.3","406.8","166.6","41.5","31.8","5706.4"
"GA.4","2022-23","Recurrent expenditure","All ages","All people","All people","All areas","","","2024-25 dollars","Australian Government real expenditure","Commonwealth Rent Assistance (CRA)","","","","Derived from Australian Government Department of Social Services (unpublished); ABS Australian National Accounts: National Income Expenditure and Product","$m","1718.9","1133.7","1314.7","421.2","376.7","150.9","36.9","27.6","5181.0"
"GA.4","2021-22","Recurrent expenditure","All ages","All people","All people","All areas","","","2024-25 dollars","Australian Government real expenditure","Commonwealth Rent Assistance (CRA)","","","","Derived from Australian Government Department of Social Services (unpublished); ABS Australian National Accounts: National Income Expenditure and Product","$m","1812.9","1208.1","1420.3","464.4","398.9","153.0","41.2","30.0","5528.9"
"GA.4","2020-21","Recurrent expenditure","All ages","All people","All people","All areas","","","2024-25 dollars","Australian Government real expenditure","Commonwealth Rent Assistance (CRA)","","","","Derived from Australian Government Department of Social Services (unpublished); ABS Australian National Accounts: National Income Expenditure and Product","$m","2020.0","1402.8","1605.5","547.7","443.8","157.7","49.0","36.8","6263.5"
"GA.5","2024-25","Recurrent expenditure","All ages","All people","All people","All areas","","","2024-25 dollars","Australian Government real expenditure","Commonwealth Rent Assistance (CRA)","","Total","","Derived from Australian Government Department of Social Services (unpublished); ABS Australian National Accounts: National Income Expenditure and Product","$m","2149.3","1445.6","1591.4","508.6","453.4","184.0","49.0","37.8","6419.7"
"GA.5","2024-25","Recurrent expenditure","All ages","All people","All people","All areas","","","2024-25 dollars","Australian Government real expenditure","Commonwealth Rent Assistance (CRA)","","Per person in the population","","Derived from Australian Government Department of Social Services (unpublished); ABS Australian National Accounts: National Income Expenditure and Product; ABS National state and territory population - December","$","252","206","283","169","240","320","102","144","234"
"GA.5","2024-25","Recurrent expenditure","All ages","All people","All people","All areas","","","2024-25 dollars","Australian Government real expenditure","Commonwealth Rent Assistance (CRA)","","Per income unit","","Derived from Australian Government Department of Social Services (unpublished); ABS Australian National Accounts: National Income Expenditure and Product","$","4751","4645","4638","4499","4551","4733","4485","4509","4660"
"GA.5","2023-24","Recurrent expenditure","All ages","All people","All people","All areas","","","2024-25 dollars","Australian Government real expenditure","Commonwealth Rent Assistance (CRA)","","Total","","Derived from Australian Government Department of Social Services (unpublished); ABS Australian National Accounts: National Income Expenditure and Product","$m","1907.1","1259.1","1437.7","455.3","406.8","166.6","41.5","31.8","5706.4"
"GA.5","2023-24","Recurrent expenditure","All ages","All people","All people","All areas","","","2024-25 dollars","Australian Government real expenditure","Commonwealth Rent Assistance (CRA)","","Per person in the population","","Derived from Australian Government Department of Social Services (unpublished); ABS Australian National Accounts: National Income Expenditure and Product; ABS National state and territory population - December","$","226","182","260","156","218","290","88","126","212"
"GA.5","2023-24","Recurrent expenditure","All ages","All people","All people","All areas","","","2024-25 dollars","Australian Government real expenditure","Commonwealth Rent Assistance (CRA)","","Per income unit","","Derived from Australian Government Department of Social Services (unpublished); ABS Australian National Accounts: National Income Expenditure and Product","$","4430","4329","4342","4215","4251","4442","4158","4206","4352"
"GA.5","2022-23","Recurrent expenditure","All ages","All people","All people","All areas","","","2024-25 dollars","Australian Government real expenditure","Commonwealth Rent Assistance (CRA)","","Total","","Derived from Australian Government Department of Social Services (unpublished); ABS Australian National Accounts: National Income Expenditure and Product","$m","1718.9","1133.7","1314.7","421.2","376.7","150.9","36.9","27.6","5181.0"
"GA.5","2022-23","Recurrent expenditure","All ages","All people","All people","All areas","","","2024-25 dollars","Australian Government real expenditure","Commonwealth Rent Assistance (CRA)","","Per person in the population","","Derived from Australian Government Department of Social Services (unpublished); ABS Australian National Accounts: National Income Expenditure and Product; ABS National state and territory population - December","$","209","169","244","149","205","264","80","110","197"
"GA.5","2022-23","Recurrent expenditure","All ages","All people","All people","All areas","","","2024-25 dollars","Australian Government real expenditure","Commonwealth Rent Assistance (CRA)","","Per income unit","","Derived from Australian Government Department of Social Services (unpublished); ABS Australian National Accounts: National Income Expenditure and Product","$","4163","4083","4091","3991","4014","4178","3902","3990","4099"
"GA.5","2021-22","Recurrent expenditure","All ages","All people","All people","All areas","","","2024-25 dollars","Australian Government real expenditure","Commonwealth Rent Assistance (CRA)","","Total","","Derived from Australian Government Department of Social Services (unpublished); ABS Australian National Accounts: National Income Expenditure and Product","$m","1812.9","1208.1","1420.3","464.4","398.9","153.0","41.2","30.0","5528.9"
"GA.5","2021-22","Recurrent expenditure","All ages","All people","All people","All areas","","","2024-25 dollars","Australian Government real expenditure","Commonwealth Rent Assistance (CRA)","","Per person in the population","","Derived from Australian Government Department of Social Services (unpublished); ABS Australian National Accounts: National Income Expenditure and Product; ABS National state and territory population - December","$","224","184","270","168","221","268","91","120","215"
"GA.5","2021-22","Recurrent expenditure","All ages","All people","All people","All areas","","","2024-25 dollars","Australian Government real expenditure","Commonwealth Rent Assistance (CRA)","","Per income unit","","Derived from Australian Government Department of Social Services (unpublished); ABS Australian National Accounts: National Income Expenditure and Product","$","4005","3921","3961","3875","3885","4037","3727","3839","3953"
"GA.5","2020-21","Recurrent expenditure","All ages","All people","All people","All areas","","","2024-25 dollars","Australian Government real expenditure","Commonwealth Rent Assistance (CRA)","","Total","","Derived from Australian Government Department of Social Services (unpublished); ABS Australian National Accounts: National Income Expenditure and Product","$m","2020.0","1402.8","1605.5","547.7","443.8","157.7","49.0","36.8","6263.5"
"GA.5","2020-21","Recurrent expenditure","All ages","All people","All people","All areas","","","2024-25 dollars","Australian Government real expenditure","Commonwealth Rent Assistance (CRA)","","Per person in the population","","Derived from Australian Government Department of Social Services (unpublished); ABS Australian National Accounts: National Income Expenditure and Product; ABS National state and territory population - December","$","250","214","310","201","247","281","109","148","244"
"GA.5","2020-21","Recurrent expenditure","All ages","All people","All people","All areas","","","2024-25 dollars","Australian Government real expenditure","Commonwealth Rent Assistance (CRA)","","Per income unit","","Derived from Australian Government Department of Social Services (unpublished); ABS Australian National Accounts: National Income Expenditure and Product","$","3915","3817","3877","3796","3803","3943","3648","3771","3862"
"GA.6","2024-25","Income units receiving CRA","All ages","All people","All people","All areas","","","","Income units receiving CRA","Income unit","Single - no dependant children","","","Australian Government Department of Social Services (unpublished)","%","49.2","48.5","46.2","48.3","52.0","54.4","49.8","52.7","48.6"
"GA.6","2024-25","Income units receiving CRA","All ages","All people","All people","All areas","","","","Income units receiving CRA","Income unit","Single - no children; sharer","","","Australian Government Department of Social Services (unpublished)","%","12.4","14.9","14.1","14.9","12.5","8.9","19.3","11.6","13.5"
"GA.6","2024-25","Income units receiving CRA","All ages","All people","All people","All areas","","","","Income units receiving CRA","Income unit","Single - 1 or 2 dependant children","","","Australian Government Department of Social Services (unpublished)","%","15.2","14.8","16.9","16.9","16.3","18.0","12.9","18.0","15.8"
"GA.6","2024-25","Income units receiving CRA","All ages","All people","All people","All areas","","","","Income units receiving CRA","Income unit","Single - 3 or more dependant children","","","Australian Government Department of Social Services (unpublished)","%","4.0","3.4","4.3","3.8","3.6","4.3","2.3","4.5","3.9"
"GA.6","2024-25","Income units receiving CRA","All ages","All people","All people","All areas","","","","Income units receiving CRA","Income unit","Partnered - no dependant children","","","Australian Government Department of Social Services (unpublished)","%","9.1","7.8","9.6","8.1","7.7","7.3","5.9","5.0","8.7"
"GA.6","2024-25","Income units receiving CRA","All ages","All people","All people","All areas","","","","Income units receiving CRA","Income unit","Partnered - 1 or 2 dependant children","","","Australian Government Department of Social Services (unpublished)","%","6.5","6.8","5.4","5.0","5.1","4.5","6.4","4.7","6.0"
"GA.6","2024-25","Income units receiving CRA","All ages","All people","All people","All areas","","","","Income units receiving CRA","Income unit","Partnered - 3 or more dependant children","","","Australian Government Department of Social Services (unpublished)","%","3.4","3.6","3.2","2.8","2.5","2.4","3.1","2.4","3.2"
"GA.6","2024-25","Income units receiving CRA","All ages","All people","All people","All areas","","","","Income units receiving CRA","Income unit","Partnered - illness or temporarily separated","","","Derived from Australian Government Department of Social Services (unpublished)","%","0.3","0.2","0.3","0.3","0.3","0.3","0.2","1.1","0.3"
"GA.6","2024-25","Income units receiving CRA","All ages","All people","All people","All areas","","","","Income units receiving CRA","Dependent children in income units","","","","Australian Government Department of Social Services (unpublished)","no.","259345","173520","202120","61605","52250","21490","5125","4740","780195"
"GA.6","2024-25","Income units receiving CRA","All ages","All people","All people","All areas","","","","Income units receiving CRA","Income unit","Single - no dependant children","","","Australian Government Department of Social Services (unpublished)","no.","222745","150980","158650","54580","51765","21160","5435","4420","669865"
"GA.6","2024-25","Income units receiving CRA","All ages","All people","All people","All areas","","","","Income units receiving CRA","Income unit","Single - no children; sharer","","","Australian Government Department of Social Services (unpublished)","no.","55905","46440","48345","16835","12420","3460","2105","975","186520"
"GA.6","2024-25","Income units receiving CRA","All ages","All people","All people","All areas","","","","Income units receiving CRA","Income unit","Single - 1 or 2 dependant children","","","Australian Government Department of Social Services (unpublished)","no.","68570","45900","57905","19105","16235","6985","1410","1505","217620"
"GA.6","2024-25","Income units receiving CRA","All ages","All people","All people","All areas","","","","Income units receiving CRA","Income unit","Single - 3 or more dependant children","","","Australian Government Department of Social Services (unpublished)","no.","18035","10430","14600","4255","3600","1655","255","380","53215"
"GA.6","2024-25","Income units receiving CRA","All ages","All people","All people","All areas","","","","Income units receiving CRA","Income unit","Partnered - no dependant children","","","Australian Government Department of Social Services (unpublished)","no.","41310","24420","32855","9160","7675","2840","640","420","119320"
"GA.6","2024-25","Income units receiving CRA","All ages","All people","All people","All areas","","","","Income units receiving CRA","Income unit","Partnered - 1 or 2 dependant children","","","Australian Government Department of Social Services (unpublished)","no.","29205","21210","18585","5650","5105","1750","700","395","82595"
"GA.6","2024-25","Income units receiving CRA","All ages","All people","All people","All areas","","","","Income units receiving CRA","Income unit","Partnered - 3 or more dependant children","","","Australian Government Department of Social Services (unpublished)","no.","15345","11095","11130","3120","2500","915","340","205","44645"
"GA.6","2024-25","Income units receiving CRA","All ages","All people","All people","All areas","","","","Income units receiving CRA","Income unit","Partnered - illness or temporarily separated","","","Derived from Australian Government Department of Social Services (unpublished)","no.","1230","710","1045","340","325","110","30","85","3875"
"GA.6","2024-25","Income units receiving CRA","All ages","All people","All people","All areas","","","","Income units receiving CRA","Income unit","Total","","","Australian Government Department of Social Services (unpublished)","no.","452350","311180","343110","113045","99630","38875","10915","8380","1377655"
"GA.7","2024-25","Income units receiving CRA","All ages","All people","Aboriginal and Torres Strait Islander","All areas","","Aboriginal and Torres Strait Islander people","","Income units receiving CRA","","Single - no dependant children","","","Australian Government Department of Social Services (unpublished)","%","46.4","48.4","42.5","47.7","46.7","43.9","50.9","56.0","45.8"
"GA.7","2024-25","Income units receiving CRA","All ages","All people","Aboriginal and Torres Strait Islander","All areas","","Aboriginal and Torres Strait Islander people","","Income units receiving CRA","","Single - no children; sharer","","","Australian Government Department of Social Services (unpublished)","%","8.3","10.3","11.2","13.0","10.7","6.0","12.7","6.1","9.7"
"GA.7","2024-25","Income units receiving CRA","All ages","All people","Aboriginal and Torres Strait Islander","All areas","","Aboriginal and Torres Strait Islander people","","Income units receiving CRA","","Single - 1 or 2 dependant children","","","Australian Government Department of Social Services (unpublished)","%","24.2","21.6","22.8","21.0","22.6","24.0","20.0","19.6","23.1"
"GA.7","2024-25","Income units receiving CRA","All ages","All people","Aboriginal and Torres Strait Islander","All areas","","Aboriginal and Torres Strait Islander people","","Income units receiving CRA","","Single - 3 or more dependant children","","","Australian Government Department of Social Services (unpublished)","%","8.8","6.4","7.4","6.7","6.8","6.9","3.6","6.6","7.7"
"GA.7","2024-25","Income units receiving CRA","All ages","All people","Aboriginal and Torres Strait Islander","All areas","","Aboriginal and Torres Strait Islander people","","Income units receiving CRA","","Partnered - no dependant children","","","Australian Government Department of Social Services (unpublished)","%","4.6","4.6","5.2","3.8","4.0","6.9","3.6","3.2","4.7"
"GA.7","2024-25","Income units receiving CRA","All ages","All people","Aboriginal and Torres Strait Islander","All areas","","Aboriginal and Torres Strait Islander people","","Income units receiving CRA","","Partnered - 1 or 2 dependant children","","","Australian Government Department of Social Services (unpublished)","%","4.7","5.2","6.4","4.5","5.5","7.7","6.4","4.0","5.4"
"GA.7","2024-25","Income units receiving CRA","All ages","All people","Aboriginal and Torres Strait Islander","All areas","","Aboriginal and Torres Strait Islander people","","Income units receiving CRA","","Partnered - 3 or more dependant children","","","Australian Government Department of Social Services (unpublished)","%","3.0","3.3","4.3","3.0","3.4","4.2","1.8","2.0","3.4"
"GA.7","2024-25","Income units receiving CRA","All ages","All people","Aboriginal and Torres Strait Islander","All areas","","Aboriginal and Torres Strait Islander people","","Income units receiving CRA","","Partnered - illness or temporarily separated","","","Derived from Australian Government Department of Social Services (unpublished)","%","0.1","0.1","0.2","0.3","0.4","0.1","1.8","2.4","0.2"
"GA.7","2024-25","Income units receiving CRA","All ages","All people","Aboriginal and Torres Strait Islander","All areas","","Aboriginal and Torres Strait Islander people","","Income units receiving CRA","","Single - no dependant children","","","Australian Government Department of Social Services (unpublished)","no.","20260","4970","13505","3760","2670","1820","280","1685","48960"
"GA.7","2024-25","Income units receiving CRA","All ages","All people","Aboriginal and Torres Strait Islander","All areas","","Aboriginal and Torres Strait Islander people","","Income units receiving CRA","","Single - no children; sharer","","","Australian Government Department of Social Services (unpublished)","no.","3600","1060","3545","1020","610","250","70","185","10340"
"GA.7","2024-25","Income units receiving CRA","All ages","All people","Aboriginal and Torres Strait Islander","All areas","","Aboriginal and Torres Strait Islander people","","Income units receiving CRA","","Single - 1 or 2 dependant children","","","Australian Government Department of Social Services (unpublished)","no.","10555","2220","7245","1650","1295","995","110","590","24670"
"GA.7","2024-25","Income units receiving CRA","All ages","All people","Aboriginal and Torres Strait Islander","All areas","","Aboriginal and Torres Strait Islander people","","Income units receiving CRA","","Single - 3 or more dependant children","","","Australian Government Department of Social Services (unpublished)","no.","3835","660","2360","530","390","285","20","200","8280"
"GA.7","2024-25","Income units receiving CRA","All ages","All people","Aboriginal and Torres Strait Islander","All areas","","Aboriginal and Torres Strait Islander people","","Income units receiving CRA","","Partnered - no dependant children","","","Australian Government Department of Social Services (unpublished)","no.","1995","475","1635","300","230","285","20","95","5030"
"GA.7","2024-25","Income units receiving CRA","All ages","All people","Aboriginal and Torres Strait Islander","All areas","","Aboriginal and Torres Strait Islander people","","Income units receiving CRA","","Partnered - 1 or 2 dependant children","","","Australian Government Department of Social Services (unpublished)","no.","2030","535","2045","355","315","320","35","120","5760"
"GA.7","2024-25","Income units receiving CRA","All ages","All people","Aboriginal and Torres Strait Islander","All areas","","Aboriginal and Torres Strait Islander people","","Income units receiving CRA","","Partnered - 3 or more dependant children","","","Australian Government Department of Social Services (unpublished)","no.","1295","340","1360","235","195","175","10","60","3675"
"GA.7","2024-25","Income units receiving CRA","All ages","All people","Aboriginal and Torres Strait Islander","All areas","","Aboriginal and Torres Strait Islander people","","Income units receiving CRA","","Partnered - illness or temporarily separated","","","Derived from Australian Government Department of Social Services (unpublished)","no.","55","10","55","20","20","5","10","70","225"
"GA.7","2024-25","Income units receiving CRA","All ages","All people","Aboriginal and Torres Strait Islander","All areas","","Aboriginal and Torres Strait Islander people","","Income units receiving CRA","","Total","","","Australian Government Department of Social Services (unpublished)","no.","43620","10270","31745","7875","5720","4145","550","3010","106940"
"GA.8","2024-25","Income units receiving CRA","All ages","All people","All","All areas","Disability Support Pension recipient","Disability support pension recipient","","Income units receiving CRA","","Disability Support Pension","","","Australian Government Department of Social Services (unpublished)","%","21.7","21.9","20.8","17.9","22.0","28.3","20.9","23.7","21.4"
"GA.8","2024-25","Income units receiving CRA","All ages","All people","All","All areas","","","","Income units receiving CRA","","Carer Payment","","","Australian Government Department of Social Services (unpublished)","%","8.0","6.2","5.6","4.0","6.1","6.4","2.9","3.7","6.4"
"GA.8","2024-25","Income units receiving CRA","All ages","All people","All","All areas","","","","Income units receiving CRA","","Age Pension","","","Australian Government Department of Social Services (unpublished)","%","24.7","21.1","25.1","24.8","22.8","20.8","15.2","20.0","23.7"
"GA.8","2024-25","Income units receiving CRA","All ages","All people","All","All areas","","","","Income units receiving CRA","","Parenting Payment (Single)","","","Australian Government Department of Social Services (unpublished)","%","12.1","10.7","12.7","13.5","12.1","13.3","8.2","14.7","12.1"
"GA.8","2024-25","Income units receiving CRA","All ages","All people","All","All areas","","","","Income units receiving CRA","","Jobseeker Payment","","","Australian Government Department of Social Services (unpublished)","%","20.0","23.8","20.5","25.6","24.2","20.1","23.4","25.5","21.8"
"GA.8","2024-25","Income units receiving CRA","All ages","All people","All","All areas","","","","Income units receiving CRA","","Youth Allowance (student and apprentice)","","","Australian Government Department of Social Services (unpublished)","%","2.4","3.8","2.7","2.4","2.8","2.5","13.5","0.7","2.9"
"GA.8","2024-25","Income units receiving CRA","All ages","All people","All","All areas","","","","Income units receiving CRA","","Youth Allowance (other)","","","Australian Government Department of Social Services (unpublished)","%","0.7","0.7","0.9","1.0","0.9","1.1","1.3","1.0","0.8"
"GA.8","2024-25","Income units receiving CRA","All ages","All people","All","All areas","","","","Income units receiving CRA","","Austudy","","","Australian Government Department of Social Services (unpublished)","%","0.7","1.2","0.7","0.8","0.9","0.7","1.5","0.7","0.8"
"GA.8","2024-25","Income units receiving CRA","All ages","All people","All","All areas","","","","Income units receiving CRA","","Parenting Payment (Partnered)","","","Australian Government Department of Social Services (unpublished)","%","1.4","1.4","1.1","1.1","1.1","1.0","1.1","0.8","1.3"
"GA.8","2024-25","Income units receiving CRA","All ages","All people","All","All areas","","","","Income units receiving CRA","","Other Income Support Payment","","","Australian Government Department of Social Services (unpublished)","%","0.2","0.2","0.1","0.1","0.1","0","0.2","0.1","0.2"
"GA.8","2024-25","Income units receiving CRA","All ages","All people","All","All areas","","","","Income units receiving CRA","","FTB (only)","","","Australian Government Department of Social Services (unpublished)","%","8.2","9.1","9.7","8.6","7.1","5.8","11.9","9.1","8.7"
"GA.8","2024-25","Income units receiving CRA","All ages","All people","Aboriginal and Torres Strait Islander","All areas","Disability Support Pension recipient","Disability support pension recipient","","Income units receiving CRA","","Disability Support Pension","","","Australian Government Department of Social Services (unpublished)","%","25.4","25.9","22.3","19.8","22.3","30.8","21.8","33.2","24.3"
"GA.8","2024-25","Income units receiving CRA","All ages","All people","Aboriginal and Torres Strait Islander","All areas","","Aboriginal and Torres Strait Islander people","","Income units receiving CRA","","Carer Payment","","","Australian Government Department of Social Services (unpublished)","%","9.8","8.7","7.6","5.0","8.2","9.9","3.6","4.2","8.4"
"GA.8","2024-25","Income units receiving CRA","All ages","All people","Aboriginal and Torres Strait Islander","All areas","","Aboriginal and Torres Strait Islander people","","Income units receiving CRA","","Age Pension","","","Australian Government Department of Social Services (unpublished)","%","7.4","5.7","6.7","6.0","4.6","6.0","3.6","8.0","6.7"
"GA.8","2024-25","Income units receiving CRA","All ages","All people","Aboriginal and Torres Strait Islander","All areas","","Aboriginal and Torres Strait Islander people","","Income units receiving CRA","","Parenting Payment (Single)","","","Australian Government Department of Social Services (unpublished)","%","23.4","17.9","21.8","22.2","21.2","19.5","16.4","18.8","21.9"
"GA.8","2024-25","Income units receiving CRA","All ages","All people","Aboriginal and Torres Strait Islander","All areas","","Aboriginal and Torres Strait Islander people","","Income units receiving CRA","","Jobseeker Payment","","","Australian Government Department of Social Services (unpublished)","%","23.9","29.8","28.4","35.3","32.8","22.0","37.3","27.4","27.2"
"GA.8","2024-25","Income units receiving CRA","All ages","All people","Aboriginal and Torres Strait Islander","All areas","","Aboriginal and Torres Strait Islander people","","Income units receiving CRA","","Youth Allowance (student and apprentice)","","","Australian Government Department of Social Services (unpublished)","%","0.6","1.3","0.6","0.6","0.7","1.2","3.6","0.2","0.7"
"GA.8","2024-25","Income units receiving CRA","All ages","All people","Aboriginal and Torres Strait Islander","All areas","","Aboriginal and Torres Strait Islander people","","Income units receiving CRA","","Youth Allowance (other)","","","Australian Government Department of Social Services (unpublished)","%","2.4","2.4","2.8","3.4","2.8","2.1","2.7","1.7","2.6"
"GA.8","2024-25","Income units receiving CRA","All ages","All people","Aboriginal and Torres Strait Islander","All areas","","Aboriginal and Torres Strait Islander people","","Income units receiving CRA","","Austudy","","","Australian Government Department of Social Services (unpublished)","%","0.1","0.2","0.1","0.1","0.1","0.1","0.9","0.2","0.1"
"GA.8","2024-25","Income units receiving CRA","All ages","All people","Aboriginal and Torres Strait Islander","All areas","","Aboriginal and Torres Strait Islander people","","Income units receiving CRA","","Parenting Payment (Partnered)","","","Australian Government Department of Social Services (unpublished)","%","1.2","1.4","2.0","1.5","1.7","2.1","2.7","0.7","1.5"
"GA.8","2024-25","Income units receiving CRA","All ages","All people","Aboriginal and Torres Strait Islander","All areas","","Aboriginal and Torres Strait Islander people","","Income units receiving CRA","","Other Income Support Payment","","","Australian Government Department of Social Services (unpublished)","%","0","0.1","0","0.1","0.1","0","0.9","0","0.1"
"GA.8","2024-25","Income units receiving CRA","All ages","All people","Aboriginal and Torres Strait Islander","All areas","","Aboriginal and Torres Strait Islander people","","Income units receiving CRA","","FTB (only)","","","Australian Government Department of Social Services (unpublished)","%","5.8","6.5","7.7","5.9","5.5","6.4","8.2","6.0","6.5"
"GA.9","2024-25","Income units receiving CRA","All ages","All people","All people","Major cities","","","","Income units receiving CRA","","","","","Derived from Australian Government Department of Social Services (unpublished)","%","67.3","73.0","62.5","78.3","74.8","..","99.9","..","66.8"
"GA.9","2024-25","Income units receiving CRA","All ages","All people","All people","Inner regional","","","","Income units receiving CRA","","","","","Derived from Australian Government Department of Social Services (unpublished)","%","27.2","22.4","22.7","10.1","10.3","62.1","0.1","..","23.0"
"GA.9","2024-25","Income units receiving CRA","All ages","All people","All people","Outer regional","","","","Income units receiving CRA","","","","","Derived from Australian Government Department of Social Services (unpublished)","%","5.0","4.6","13.5","8.4","12.5","36.2","..","74.4","9.1"
"GA.9","2024-25","Income units receiving CRA","All ages","All people","All people","Remote","","","","Income units receiving CRA","","","","","Derived from Australian Government Department of Social Services (unpublished)","%","0.3","0","0.8","2.1","1.9","1.4","..","22.4","0.8"
"GA.9","2024-25","Income units receiving CRA","All ages","All people","All people","Very remote","","","","Income units receiving CRA","","","","","Derived from Australian Government Department of Social Services (unpublished)","%","0.1","..","0.4","1.1","0.5","0.3","..","3.2","0.3"
"GA.10","2024-25","Income units receiving CRA","All ages","All people","Non-Indigenous","All areas","","Non-Indigenous people","","Income units receiving CRA","","","","","Derived from Australian Government Department of Social Services (unpublished)","%","90.4","96.7","90.7","93.0","94.3","89.3","95.0","64.1","92.2"
"GA.10","2024-25","Income units receiving CRA","All ages","All people","Aboriginal and Torres Strait Islander","All areas","","Aboriginal and Torres Strait Islander people","","Income units receiving CRA","","","","","Derived from Australian Government Department of Social Services (unpublished)","%","9.6","3.3","9.3","7.0","5.7","10.7","5.0","35.9","7.8"
"GA.10","2024-25","Income units receiving CRA","All ages","All people","All people","All areas","Disability Support Pension recipient","Disability support pension recipient","","Income units receiving CRA","","","","","Australian Government Department of Social Services (unpublished)","%","21.7","21.9","20.8","17.9","22.0","28.3","20.9","23.7","21.4"
"GA.10","2024-25","Income units receiving CRA","People aged under 25 years","All people","All people","All areas","","People aged under 25 years","","Income units receiving CRA","","","","","Derived from Australian Government Department of Social Services (unpublished)","%","6.3","7.6","7.5","6.8","7.0","7.7","19.6","6.3","7.1"
"GA.10","2024-25","Income units receiving CRA","People aged 75 years or over","All people","All people","All areas","","People aged 75 years or over","","Income units receiving CRA","","","","","Derived from Australian Government Department of Social Services (unpublished)","%","14.7","12.6","15.3","14.8","13.8","13.1","9.1","9.5","14.2"
"GA.10","2024-25","Income units receiving CRA","All ages","All people","All people","Greater Capital City","","","","Income units receiving CRA","Geographic location","","","","Australian Government Department of Social Services (unpublished)","%","54.0","69.6","48.0","79.2","76.1","42.6","100.0","74.4","59.9"
"GA.10","2024-25","Income units receiving CRA","All ages","All people","All people","Rest of state or territory","","","","Income units receiving CRA","Geographic location","","","","Australian Government Department of Social Services (unpublished)","%","46.0","30.4","52.0","20.8","23.9","57.4","0","25.6","40.1"
"GA.10","2024-25","Income units receiving CRA","All ages","All people","Non-Indigenous","All areas","","Non-Indigenous people","","Income units receiving CRA","","","","","Australian Government Department of Social Services (unpublished)","no.","408730","300910","311365","105175","93910","34730","10365","5370","1270715"
"GA.10","2024-25","Income units receiving CRA","All ages","All people","Aboriginal and Torres Strait Islander","All areas","","Aboriginal and Torres Strait Islander people","","Income units receiving CRA","","","","","Australian Government Department of Social Services (unpublished)","no.","43620","10270","31745","7875","5720","4145","550","3010","106940"
"GA.10","2024-25","Income units receiving CRA","All ages","All people","All people","All areas","Disability Support Pension recipient","Disability support pension recipient","","Income units receiving CRA","","","","","Australian Government Department of Social Services (unpublished)","no.","98110","68135","71410","20280","21885","10990","2280","1990","295135"
"GA.10","2024-25","Income units receiving CRA","People aged under 25 years","All people","All people","All areas","","People aged under 25 years","","Income units receiving CRA","","","","","Australian Government Department of Social Services (unpublished)","no.","28620","23580","25640","7715","6990","3000","2140","530","98235"
"GA.10","2024-25","Income units receiving CRA","People aged 75 years or over","All people","All people","All areas","","People aged 75 years or over","","Income units receiving CRA","","","","","Australian Government Department of Social Services (unpublished)","no.","66410","39160","52380","16735","13795","5080","995","795","195425"
"GA.10","2024-25","Income units receiving CRA","All ages","All people","All people","Greater Capital City","","","","Income units receiving CRA","Geographic location","","","","Australian Government Department of Social Services (unpublished)","no.","244490","216510","164820","89535","75775","16545","10915","6235","824820"
"GA.10","2024-25","Income units receiving CRA","All ages","All people","All people","Rest of state or territory","","","","Income units receiving CRA","Geographic location","","","","Australian Government Department of Social Services (unpublished)","no.","207860","94670","178290","23515","23855","22330","0","2145","552835"
"GA.10","2024-25","Income units receiving CRA","All ages","All people","All people","All areas","","","","Income units receiving CRA","Total","","","","Australian Government Department of Social Services (unpublished)","no.","452350","311180","343110","113045","99630","38875","10915","8380","1377655"
"GA.10","2024","Income units receiving CRA","All ages","All people","Non-Indigenous people","All areas","","Non-Indigenous people","","Estimated resident population at 31 December","","","","","Derived from ABS National state and territory population - December; ABS Estimates and Projections Aboriginal and Torres Strait Islander Australians","%","95.8","98.8","94.7","95.7","97.1","93.8","97.9","70.1","96.2"
"GA.10","2024","Income units receiving CRA","All ages","All people","Aboriginal and Torres Strait Islander people","All areas","","Aboriginal and Torres Strait Islander people","","Estimated resident population at 31 December","","","","","Derived from ABS National state and territory population - December; ABS Estimates and Projections Aboriginal and Torres Strait Islander Australians","%","4.2","1.2","5.3","4.3","2.9","6.2","2.1","29.9","3.8"
"GA.10","2024","Income units receiving CRA","All ages","All people","All people","All areas","Disability Support Pension recipient","Disability support pension recipient","","Estimated resident population at 31 December","","","","","Derived from Australian Government Department of Social Services (unpublished); ABS National state and territory population - December","%","2.9","2.8","3.2","2.1","3.7","5.0","2.0","3.4","3.0"
"GA.10","2024","Income units receiving CRA","15-24 years old","All people","All people","All areas","","","","Estimated resident population at 31 December","","","","","Derived from ABS National state and territory population - December","%","12.7","12.7","13.0","12.4","12.1","11.0","14.3","13.2","12.7"
"GA.10","2024","Income units receiving CRA","75+ years old","All people","All people","All areas","","","","Estimated resident population at 31 December","","","","","Derived from ABS National state and territory population - December","%","8.4","7.9","7.9","7.3","9.7","10.1","6.6","3.4","8.1"
"GA.11","2024-25","Income units receiving CRA","All ages","All people","All people","All areas","","","","Income units receiving CRA","Paying enough rent to be eligible for maximum assistance","","","","Australian Government Department of Social Services (unpublished)","%","71.7","69.7","69.4","67.3","64.2","64.3","72.7","63.7","69.5"
"GA.11","2023-24","Income units receiving CRA","All ages","All people","All people","All areas","","","","Income units receiving CRA","Paying enough rent to be eligible for maximum assistance","","","","Australian Government Department of Social Services (unpublished)","%","74.7","72.9","73.6","70.8","67.2","68.0","74.7","68.8","72.9"
"GA.11","2022-23","Income units receiving CRA","All ages","All people","All people","All areas","","","","Income units receiving CRA","Paying enough rent to be eligible for maximum assistance","","","","Australian Government Department of Social Services (unpublished)","%","77.7","76.2","77.0","74.2","71.1","71.8","79.3","71.9","76.2"
"GA.11","2021-22","Income units receiving CRA","All ages","All people","All people","All areas","","","","Income units receiving CRA","Paying enough rent to be eligible for maximum assistance","","","","Australian Government Department of Social Services (unpublished)","%","80.3","78.5","79.9","77.6","73.6","74.4","82.1","76.3","78.9"
"GA.11","2020-21","Income units receiving CRA","All ages","All people","All people","All areas","","","","Income units receiving CRA","Paying enough rent to be eligible for maximum assistance","","","","Australian Government Department of Social Services (unpublished)","%","80.7","78.6","80.1","77.9","73.8","73.6","83.1","77.3","79.1"
"GA.12","2025","Income units receiving CRA","All ages","All people","All people","All areas","","All","","Income units receiving CRA at 30 June","Paying more than 30% of income on rent","All income units","with CRA","","Australian Government Department of Social Services (unpublished)","%","45.1","43.0","43.4","43.2","35.9","32.1","51.2","35.3","43.0"
"GA.12","2025","Income units receiving CRA","All ages","All people","All people","All areas","","All","","Income units receiving CRA at 30 June","Paying more than 30% of income on rent","All income units","without CRA","","Australian Government Department of Social Services (unpublished)","%","77.1","73.9","74.0","73.8","71.8","72.8","77.8","71.1","74.8"
"GA.12","2025","Income units receiving CRA","All ages","All people","Aboriginal and Torres Strait Islander","All areas","","Aboriginal and Torres Strait Islander people","","Income units receiving CRA at 30 June","Paying more than 30% of income on rent","Aboriginal and Torres Strait Islander","with CRA","","Australian Government Department of Social Services (unpublished)","%","35.5","39.9","40.6","39.9","34.1","30.3","46.2","27.2","37.3"
"GA.12","2025","Income units receiving CRA","All ages","All people","Aboriginal and Torres Strait Islander","All areas","","Aboriginal and Torres Strait Islander people","","Income units receiving CRA at 30 June","Paying more than 30% of income on rent","Aboriginal and Torres Strait Islander","without CRA","","Australian Government Department of Social Services (unpublished)","%","74.5","75.6","73.0","72.7","73.0","71.3","78.3","68.4","73.7"
"GA.12","2025","Income units receiving CRA","All ages","All people","All people","All areas","Disability Support Pension recipient","Disability support pension recipient","","Income units receiving CRA at 30 June","Paying more than 30% of income on rent","Disability Support Pension recipient","with CRA","","Australian Government Department of Social Services (unpublished)","%","32.0","30.8","31.9","31.5","23.8","21.2","28.2","22.8","30.6"
"GA.12","2025","Income units receiving CRA","All ages","All people","All people","All areas","Disability Support Pension recipient","Disability support pension recipient","","Income units receiving CRA at 30 June","Paying more than 30% of income on rent","Disability Support Pension recipient","without CRA","","Australian Government Department of Social Services (unpublished)","%","77.8","72.5","74.4","73.6","72.1","72.7","72.2","69.8","74.7"
"GA.12","2025","Income units receiving CRA","People aged under 25 years","All people","All people","All areas","","People aged under 25 years","","Income units receiving CRA at 30 June","Paying more than 30% of income on rent","With family member aged under 25 years","with CRA","","Australian Government Department of Social Services (unpublished)","%","63.1","63.6","58.6","55.9","53.8","49.1","76.8","38.0","60.6"
"GA.12","2025","Income units receiving CRA","People aged under 25 years","All people","All people","All areas","","People aged under 25 years","","Income units receiving CRA at 30 June","Paying more than 30% of income on rent","With family member aged under 25 years","without CRA","","Australian Government Department of Social Services (unpublished)","%","86.2","86.8","83.3","81.5","82.2","81.6","92.5","74.0","84.9"
"GA.12","2025","Income units receiving CRA","People aged 75 years or over","All people","All people","All areas","","People aged 75 years or over","","Income units receiving CRA at 30 June","Paying more than 30% of income on rent","With family member aged 75 years or over","with CRA","","Australian Government Department of Social Services (unpublished)","%","28.9","28.8","29.8","26.0","21.7","22.6","34.8","26.6","28.2"
"GA.12","2025","Income units receiving CRA","People aged 75 years or over","All people","All people","All areas","","People aged 75 years or over","","Income units receiving CRA at 30 June","Paying more than 30% of income on rent","With family member aged 75 years or over","without CRA","","Australian Government Department of Social Services (unpublished)","%","65.6","63.8","64.5","61.2","59.6","67.3","64.1","67.1","64.2"
"GA.12","2025","Income units receiving CRA","All ages","All people","All people","Greater Capital City","","","","Income units receiving CRA at 30 June","Paying more than 30% of income on rent","Greater Capital City","with CRA","","Australian Government Department of Social Services (unpublished)","%","51.5","46.4","45.8","46.2","39.3","35.5","51.2","37.2","46.9"
"GA.12","2025","Income units receiving CRA","All ages","All people","All people","Greater Capital City","","","","Income units receiving CRA at 30 June","Paying more than 30% of income on rent","Greater Capital City","without CRA","","Australian Government Department of Social Services (unpublished)","%","80.3","75.7","75.1","76.0","74.5","75.5","77.8","72.4","76.9"
"GA.12","2025","Income units receiving CRA","All ages","All people","All people","Rest of state or territory","","","","Income units receiving CRA at 30 June","Paying more than 30% of income on rent","Rest of state or territory","with CRA","","Australian Government Department of Social Services (unpublished)","%","37.4","35.3","41.3","31.9","25.0","29.6","0","29.9","37.2"
"GA.12","2025","Income units receiving CRA","All ages","All people","All people","Rest of state or territory","","","","Income units receiving CRA at 30 June","Paying more than 30% of income on rent","Rest of state or territory","without CRA","","Australian Government Department of Social Services (unpublished)","%","73.3","69.6","73.0","65.2","63.4","70.7","0","67.5","71.7"
"GA.12","2024","Income units receiving CRA","All ages","All people","All people","All areas","","All","","Income units receiving CRA at 30 June","Paying more than 30% of income on rent","All income units","with CRA","","Australian Government Department of Social Services (unpublished)","%","44.0","41.7","42.3","41.1","33.9","32.0","50.3","36.4","41.8"
"GA.12","2024","Income units receiving CRA","All ages","All people","All people","All areas","","All","","Income units receiving CRA at 30 June","Paying more than 30% of income on rent","All income units","without CRA","","Australian Government Department of Social Services (unpublished)","%","75.3","71.3","71.9","71.4","69.1","71.1","75.7","68.7","72.6"
"GA.12","2023","Income units receiving CRA","All ages","All people","All people","All areas","","All","","Income units receiving CRA at 30 June","Paying more than 30% of income on rent","All income units","with CRA","","Australian Government Department of Social Services (unpublished)","%","45.3","43.1","43.1","41.8","34.7","33.0","53.2","40.6","42.9"
"GA.12","2023","Income units receiving CRA","All ages","All people","All people","All areas","","All","","Income units receiving CRA at 30 June","Paying more than 30% of income on rent","All income units","without CRA","","Australian Government Department of Social Services (unpublished)","%","73.2","69.6","69.7","69.1","66.9","67.9","75.6","68.6","70.6"
"GA.12","2022","Income units receiving CRA","All ages","All people","All people","All areas","","All","","Income units receiving CRA at 30 June","Paying more than 30% of income on rent","All income units","with CRA","","Australian Government Department of Social Services (unpublished)","%","46.8","44.3","43.4","42.8","35.4","32.9","53.9","42.2","43.9"
"GA.12","2022","Income units receiving CRA","All ages","All people","All people","All areas","","All","","Income units receiving CRA at 30 June","Paying more than 30% of income on rent","All income units","without CRA","","Australian Government Department of Social Services (unpublished)","%","74.9","71.1","70.9","70.4","67.6","68.8","76.3","68.2","71.9"
"GA.12","2021","Income units receiving CRA","All ages","All people","All people","All areas","","All","","Income units receiving CRA at 30 June","Paying more than 30% of income on rent","All income units","with CRA","","Australian Government Department of Social Services (unpublished)","%","48.5","46.7","45.1","44.5","37.0","34.6","55.1","43.5","45.7"
"GA.12","2021","Income units receiving CRA","All ages","All people","All people","All areas","","All","","Income units receiving CRA at 30 June","Paying more than 30% of income on rent","All income units","without CRA","","Australian Government Department of Social Services (unpublished)","%","75.2","72.2","71.5","71.2","68.3","68.0","76.6","70.0","72.5"
"GA.13","2025","Income units receiving CRA","All ages","All people","All people","All areas","","All","","Income units receiving CRA at 30 June","Paying more than 50% of income on rent","All income units","with CRA","","Australian Government Department of Social Services (unpublished)","%","20.3","17.4","18.2","18.2","14.0","11.0","27.1","14.0","18.3"
"GA.13","2025","Income units receiving CRA","All ages","All people","All people","All areas","","All","","Income units receiving CRA at 30 June","Paying more than 50% of income on rent","All income units","without CRA","","Australian Government Department of Social Services (unpublished)","%","37.7","36.5","36.1","36.6","30.7","27.6","45.1","29.9","36.2"
"GA.13","2025","Income units receiving CRA","All ages","All people","Aboriginal and Torres Strait Islander","All areas","","Aboriginal and Torres Strait Islander people","","Income units receiving CRA at 30 June","Paying more than 50% of income on rent","Aboriginal and Torres Strait Islander","with CRA","","Australian Government Department of Social Services (unpublished)","%","14.3","14.8","16.4","16.1","12.9","9.6","25.5","10.1","14.8"
"GA.13","2025","Income units receiving CRA","All ages","All people","Aboriginal and Torres Strait Islander","All areas","","Aboriginal and Torres Strait Islander people","","Income units receiving CRA at 30 June","Paying more than 50% of income on rent","Aboriginal and Torres Strait Islander","without CRA","","Australian Government Department of Social Services (unpublished)","%","30.5","35.4","34.9","35.2","30.5","25.1","43.4","23.9","32.3"
"GA.13","2025","Income units receiving CRA","All ages","All people","All people","All areas","Disability Support Pension recipient","Disability support pension recipient","","Income units receiving CRA at 30 June","Paying more than 50% of income on rent","Disability Support Pension recipient","with CRA","","Australian Government Department of Social Services (unpublished)","%","10.8","8.4","9.8","9.2","6.5","4.8","10.7","6.3","9.3"
"GA.13","2025","Income units receiving CRA","All ages","All people","All people","All areas","Disability Support Pension recipient","Disability support pension recipient","","Income units receiving CRA at 30 June","Paying more than 50% of income on rent","Disability Support Pension recipient","without CRA","","Australian Government Department of Social Services (unpublished)","%","27.0","25.4","26.7","26.9","19.4","17.4","25.3","19.8","25.6"
"GA.13","2025","Income units receiving CRA","People aged under 25 years","All people","All people","All areas","","People aged under 25 years","","Income units receiving CRA at 30 June","Paying more than 50% of income on rent","With family member aged under 25 years","with CRA","","Australian Government Department of Social Services (unpublished)","%","36.2","35.6","32.3","29.5","29.1","21.9","51.1","20.0","33.8"
"GA.13","2025","Income units receiving CRA","People aged under 25 years","All people","All people","All areas","","People aged under 25 years","","Income units receiving CRA at 30 June","Paying more than 50% of income on rent","With family member aged under 25 years","without CRA","","Australian Government Department of Social Services (unpublished)","%","60.1","61.1","55.8","53.9","52.1","47.7","74.1","35.0","58.0"
"GA.13","2025","Income units receiving CRA","People aged 75 years or over","All people","All people","All areas","","People aged 75 years or over","","Income units receiving CRA at 30 June","Paying more than 50% of income on rent","With family member aged 75 years or over","with CRA","","Australian Government Department of Social Services (unpublished)","%","9.5","7.5","8.4","7.6","5.8","4.5","13.6","7.0","8.3"
"GA.13","2025","Income units receiving CRA","People aged 75 years or over","All people","All people","All areas","","People aged 75 years or over","","Income units receiving CRA at 30 June","Paying more than 50% of income on rent","With family member aged 75 years or over","without CRA","","Australian Government Department of Social Services (unpublished)","%","22.1","21.8","22.5","19.8","16.1","16.9","26.8","20.3","21.4"
"GA.13","2025","Income units receiving CRA","All ages","All people","All people","Greater Capital City","","","","Income units receiving CRA at 30 June","Paying more than 50% of income on rent","Greater Capital City","with CRA","","Australian Government Department of Social Services (unpublished)","%","25.4","19.9","19.5","19.9","16.1","13.8","27.1","15.3","21.0"
"GA.13","2025","Income units receiving CRA","All ages","All people","All people","Greater Capital City","","","","Income units receiving CRA at 30 June","Paying more than 50% of income on rent","Greater Capital City","without CRA","","Australian Government Department of Social Services (unpublished)","%","42.9","39.3","37.9","39.0","33.5","30.9","45.1","31.5","39.4"
"GA.13","2025","Income units receiving CRA","All ages","All people","All people","Rest of state or territory","","","","Income units receiving CRA at 30 June","Paying more than 50% of income on rent","Rest of state or territory","with CRA","","Australian Government Department of Social Services (unpublished)","%","14.4","11.6","16.9","11.9","7.2","9.0","0","10.0","14.1"
"GA.13","2025","Income units receiving CRA","All ages","All people","All people","Rest of state or territory","","","","Income units receiving CRA at 30 June","Paying more than 50% of income on rent","Rest of state or territory","without CRA","","Australian Government Department of Social Services (unpublished)","%","31.7","29.9","34.4","27.2","21.8","25.2","0","25.4","31.3"
"GA.13","2024","Income units receiving CRA","All ages","All people","All people","All areas","","All","","Income units receiving CRA at 30 June","Paying more than 50% of income on rent","All income units","with CRA","","Australian Government Department of Social Services (unpublished)","%","19.0","16.0","16.7","16.0","12.1","10.6","26.9","13.1","16.8"
"GA.13","2024","Income units receiving CRA","All ages","All people","All people","All areas","","All","","Income units receiving CRA at 30 June","Paying more than 50% of income on rent","All income units","without CRA","","Australian Government Department of Social Services (unpublished)","%","34.9","33.1","33.0","32.6","27.0","25.3","42.5","29.3","33.0"
"GA.13","2023","Income units receiving CRA","All ages","All people","All people","All areas","","All","","Income units receiving CRA at 30 June","Paying more than 50% of income on rent","All income units","with CRA","","Australian Government Department of Social Services (unpublished)","%","18.9","16.3","16.1","15.1","11.7","10.5","29.2","13.8","16.6"
"GA.13","2023","Income units receiving CRA","All ages","All people","All people","All areas","","All","","Income units receiving CRA at 30 June","Paying more than 50% of income on rent","All income units","without CRA","","Australian Government Department of Social Services (unpublished)","%","32.8","31.2","30.3","29.9","24.7","23.2","42.4","29.6","30.8"
"GA.13","2022","Income units receiving CRA","All ages","All people","All people","All areas","","All","","Income units receiving CRA at 30 June","Paying more than 50% of income on rent","All income units","with CRA","","Australian Government Department of Social Services (unpublished)","%","19.3","16.5","15.0","14.7","11.1","9.4","28.4","14.4","16.3"
"GA.13","2022","Income units receiving CRA","All ages","All people","All people","All areas","","All","","Income units receiving CRA at 30 June","Paying more than 50% of income on rent","All income units","without CRA","","Australian Government Department of Social Services (unpublished)","%","33.9","31.9","30.2","30.4","24.8","22.7","42.3","30.6","31.3"
"GA.13","2021","Income units receiving CRA","All ages","All people","All people","All areas","","All","","Income units receiving CRA at 30 June","Paying more than 50% of income on rent","All income units","with CRA","","Australian Government Department of Social Services (unpublished)","%","20.4","18.0","16.0","15.4","11.7","10.0","29.1","15.8","17.4"
"GA.13","2021","Income units receiving CRA","All ages","All people","All people","All areas","","All","","Income units receiving CRA at 30 June","Paying more than 50% of income on rent","All income units","without CRA","","Australian Government Department of Social Services (unpublished)","%","35.1","34.0","31.5","31.7","26.0","23.8","43.4","32.2","32.7"
"GA.14","2019-20","Housing composition by tenure type","All ages","All people","All people","All areas","","","","Households","Renters","Public housing","","","ABS Housing Occupancy and Costs","%","2.5","2.0","3.2","2.8","5.1","4.7","5.5","6.5","2.9"
"GA.14","2019-20","Housing composition by tenure type","All ages","All people","All people","All areas","","","","Households","Renters","Public housing","","95%CI","ABS Housing Occupancy and Costs","%","0.6","0.7","0.9","0.9","1.3","2.0","1.7","3.0","0.3"
"GA.14","2019-20","Housing composition by tenure type","All ages","All people","All people","All areas","","","","Households","Renters","Private rental","","","ABS Housing Occupancy and Costs","%","27.7","26.0","29.1","22.5","21.1","21.7","19.7","29.6","26.2"
"GA.14","2019-20","Housing composition by tenure type","All ages","All people","All people","All areas","","","","Households","Renters","Private rental","","95%CI","ABS Housing Occupancy and Costs","%","1.8","2.4","2.7","2.5","2.1","3.8","3.0","5.5","1.0"
"GA.14","2019-20","Housing composition by tenure type","All ages","All people","All people","All areas","","","","Households","Renters","Total renters","","","ABS Housing Occupancy and Costs","%","33.0","29.2","34.7","28.2","28.4","29.3","28.1","40.0","31.4"
"GA.14","2019-20","Housing composition by tenure type","All ages","All people","All people","All areas","","","","Households","Renters","Total renters","","95%CI","ABS Housing Occupancy and Costs","%","1.9","2.6","2.6","2.8","2.1","4.0","3.7","6.1","1.0"
"GA.14","2019-20","Housing composition by tenure type","All ages","All people","All people","All areas","","","","Households","Home owners with a mortgage","","","","ABS Housing Occupancy and Costs","%","34.0","37.4","35.6","42.7","39.0","34.9","42.2","43.0","36.8"
"GA.14","2019-20","Housing composition by tenure type","All ages","All people","All people","All areas","","","","Households","Home owners with a mortgage","","","95%CI","ABS Housing Occupancy and Costs","%","1.7","2.3","1.8","3.2","2.0","3.2","4.2","6.2","0.9"
"GA.14","2019-20","Housing composition by tenure type","All ages","All people","All people","All areas","","","","Households","Home owners without a mortgage","","","","ABS Housing Occupancy and Costs","%","30.3","30.7","27.8","26.6","30.1","33.4","27.0","16.3","29.5"
"GA.14","2019-20","Housing composition by tenure type","All ages","All people","All people","All areas","","","","Households","Home owners without a mortgage","","","95%CI","ABS Housing Occupancy and Costs","%","1.4","1.8","2.3","2.5","1.8","3.3","3.2","3.2","0.8"
"GA.14","2017-18","Housing composition by tenure type","All ages","All people","All people","All areas","","","","Households","Renters","Public housing","","","ABS Housing Occupancy and Costs","%","3.7","1.7","3.3","2.4","4.9","4.2","6.8","3.6","3.1"
"GA.14","2017-18","Housing composition by tenure type","All ages","All people","All people","All areas","","","","Households","Renters","Public housing","","95%CI","ABS Housing Occupancy and Costs","%","1.0","0.6","1.3","0.8","1.2","1.0","1.8","2.3","0.5"
"GA.14","2017-18","Housing composition by tenure type","All ages","All people","All people","All areas","","","","Households","Renters","Private rental","","","ABS Housing Occupancy and Costs","%","27.8","26.6","30.0","23.8","22.4","20.1","26.1","31.6","27.1"
"GA.14","2017-18","Housing composition by tenure type","All ages","All people","All people","All areas","","","","Households","Renters","Private rental","","95%CI","ABS Housing Occupancy and Costs","%","1.8","1.9","2.5","2.8","1.8","2.2","3.4","5.6","0.8"
"GA.14","2017-18","Housing composition by tenure type","All ages","All people","All people","All areas","","","","Households","Renters","Total renters","","","ABS Housing Occupancy and Costs","%","33.6","29.4","35.9","27.8","29.5","26.3","34.1","38.6","32.0"
"GA.14","2017-18","Housing composition by tenure type","All ages","All people","All people","All areas","","","","Households","Renters","Total renters","","95%CI","ABS Housing Occupancy and Costs","%","1.8","2.1","2.9","2.7","1.9","2.3","3.5","6.0","1.0"
"GA.14","2017-18","Housing composition by tenure type","All ages","All people","All people","All areas","","","","Households","Home owners with a mortgage","","","","ABS Housing Occupancy and Costs","%","34.8","37.2","35.2","42.5","36.5","38.6","39.7","42.0","36.7"
"GA.14","2017-18","Housing composition by tenure type","All ages","All people","All people","All areas","","","","Households","Home owners with a mortgage","","","95%CI","ABS Housing Occupancy and Costs","%","1.9","2.1","2.3","2.8","1.9","2.6","4.4","6.0","1.1"
"GA.14","2017-18","Housing composition by tenure type","All ages","All people","All people","All areas","","","","Households","Home owners without a mortgage","","","","ABS Housing Occupancy and Costs","%","29.7","31.2","27.4","27.2","32.3","33.0","25.1","17.1","29.5"
"GA.14","2017-18","Housing composition by tenure type","All ages","All people","All people","All areas","","","","Households","Home owners without a mortgage","","","95%CI","ABS Housing Occupancy and Costs","%","1.8","2.1","2.1","1.9","1.8","1.7","2.6","3.6","0.9"
"GA.14","2015-16","Housing composition by tenure type","All ages","All people","All people","All areas","","","","Households","Renters","Public housing","","","ABS Housing Occupancy and Costs","%","3.9","2.2","3.2","3.1","6.2","4.4","6.1","5.4","3.5"
"GA.14","2015-16","Housing composition by tenure type","All ages","All people","All people","All areas","","","","Households","Renters","Public housing","","95%CI","ABS Housing Occupancy and Costs","%","0.9","0.6","0.9","0.9","1.1","1.4","2.0","2.9","0.4"
"GA.14","2015-16","Housing composition by tenure type","All ages","All people","All people","All areas","","","","Households","Renters","Private rental","","","ABS Housing Occupancy and Costs","%","25.5","24.2","28.1","24.0","23.7","19.5","24.2","29.9","25.3"
"GA.14","2015-16","Housing composition by tenure type","All ages","All people","All people","All areas","","","","Households","Renters","Private rental","","95%CI","ABS Housing Occupancy and Costs","%","2.3","1.6","2.0","2.1","2.1","1.8","3.5","4.0","0.9"
"GA.14","2015-16","Housing composition by tenure type","All ages","All people","All people","All areas","","","","Households","Renters","Total renters","","","ABS Housing Occupancy and Costs","%","30.6","27.7","33.3","28.6","31.4","26.0","31.7","42.0","30.3"
"GA.14","2015-16","Housing composition by tenure type","All ages","All people","All people","All areas","","","","Households","Renters","Total renters","","95%CI","ABS Housing Occupancy and Costs","%","2.2","1.6","2.0","2.0","2.3","2.2","3.6","5.0","0.9"
"GA.14","2015-16","Housing composition by tenure type","All ages","All people","All people","All areas","","","","Households","Home owners with a mortgage","","","","ABS Housing Occupancy and Costs","%","34.9","37.7","38.8","40.0","35.7","36.5","41.3","36.1","37.1"
"GA.14","2015-16","Housing composition by tenure type","All ages","All people","All people","All areas","","","","Households","Home owners with a mortgage","","","95%CI","ABS Housing Occupancy and Costs","%","1.8","1.8","2.1","2.3","2.0","2.1","3.6","5.7","0.9"
"GA.14","2015-16","Housing composition by tenure type","All ages","All people","All people","All areas","","","","Households","Home owners without a mortgage","","","","ABS Housing Occupancy and Costs","%","32.2","32.4","25.8","28.6","30.9","35.0","26.1","17.7","30.4"
"GA.14","2015-16","Housing composition by tenure type","All ages","All people","All people","All areas","","","","Households","Home owners without a mortgage","","","95%CI","ABS Housing Occupancy and Costs","%","1.6","1.3","1.6","1.8","1.8","2.2","3.2","3.4","0.8"
"GA.14","2013-14","Housing composition by tenure type","All ages","All people","All people","All areas","","","","Households","Renters","Public housing","","","ABS Housing Occupancy and Costs","%","3.7","2.6","3.4","3.1","5.9","4.1","7.1","6.4","3.6"
"GA.14","2013-14","Housing composition by tenure type","All ages","All people","All people","All areas","","","","Households","Renters","Public housing","","95%CI","ABS Housing Occupancy and Costs","%","0.9","0.9","0.9","0.9","1.5","1.3","1.9","2.3","0.5"
"GA.14","2013-14","Housing composition by tenure type","All ages","All people","All people","All areas","","","","Households","Renters","Private rental","","","ABS Housing Occupancy and Costs","%","25.5","24.7","30.0","24.5","21.9","18.9","23.5","30.3","25.7"
"GA.14","2013-14","Housing composition by tenure type","All ages","All people","All people","All areas","","","","Households","Renters","Private rental","","95%CI","ABS Housing Occupancy and Costs","%","1.7","1.7","2.2","2.5","2.1","1.8","2.9","3.8","0.9"
"GA.14","2013-14","Housing composition by tenure type","All ages","All people","All people","All areas","","","","Households","Renters","Total renters","","","ABS Housing Occupancy and Costs","%","31.4","28.2","35.6","29.4","29.2","24.5","31.5","44.2","31.0"
"GA.14","2013-14","Housing composition by tenure type","All ages","All people","All people","All areas","","","","Households","Renters","Total renters","","95%CI","ABS Housing Occupancy and Costs","%","1.7","1.8","2.4","2.7","1.9","2.4","3.1","5.2","1.0"
"GA.14","2013-14","Housing composition by tenure type","All ages","All people","All people","All areas","","","","Households","Home owners with a mortgage","","","","ABS Housing Occupancy and Costs","%","34.7","35.9","34.7","39.8","35.8","36.9","40.1","34.2","35.8"
"GA.14","2013-14","Housing composition by tenure type","All ages","All people","All people","All areas","","","","Households","Home owners with a mortgage","","","95%CI","ABS Housing Occupancy and Costs","%","1.9","2.1","2.1","3.0","2.1","2.2","3.5","4.8","1.0"
"GA.14","2013-14","Housing composition by tenure type","All ages","All people","All people","All areas","","","","Households","Home owners without a mortgage","","","","ABS Housing Occupancy and Costs","%","32.5","33.3","28.5","28.3","33.4","37.1","27.1","17.9","31.4"
"GA.14","2013-14","Housing composition by tenure type","All ages","All people","All people","All areas","","","","Households","Home owners without a mortgage","","","95%CI","ABS Housing Occupancy and Costs","%","1.5","1.8","1.6","2.5","1.7","2.1","2.3","3.2","0.9"
"GA.14","2011-12","Housing composition by tenure type","All ages","All people","All people","All areas","","","","Households","Renters","Public housing","","","ABS Housing Occupancy and Costs","%","4.7","2.8","2.7","3.8","5.7","5.6","7.5","8.1","3.9"
"GA.14","2011-12","Housing composition by tenure type","All ages","All people","All people","All areas","","","","Households","Renters","Public housing","","95%CI","ABS Housing Occupancy and Costs","%","1.1","0.8","0.8","1.0","1.4","1.4","2.8","3.0","0.5"
"GA.14","2011-12","Housing composition by tenure type","All ages","All people","All people","All areas","","","","Households","Renters","Private rental","","","ABS Housing Occupancy and Costs","%","25.7","24.2","28.5","24.8","18.0","20.9","23.2","31.5","25.1"
"GA.14","2011-12","Housing composition by tenure type","All ages","All people","All people","All areas","","","","Households","Renters","Private rental","","95%CI","ABS Housing Occupancy and Costs","%","2.0","1.6","2.2","2.0","1.7","2.7","2.9","5.7","0.9"
"GA.14","2011-12","Housing composition by tenure type","All ages","All people","All people","All areas","","","","Households","Renters","Total renters","","","ABS Housing Occupancy and Costs","%","31.7","27.5","33.1","30.2","25.5","27.3","31.8","44.1","30.3"
"GA.14","2011-12","Housing composition by tenure type","All ages","All people","All people","All areas","","","","Households","Renters","Total renters","","95%CI","ABS Housing Occupancy and Costs","%","1.8","1.6","2.3","2.7","2.1","3.2","3.5","5.3","0.8"
"GA.14","2011-12","Housing composition by tenure type","All ages","All people","All people","All areas","","","","Households","Home owners with a mortgage","","","","ABS Housing Occupancy and Costs","%","34.5","37.1","36.6","40.0","38.4","35.3","40.4","36.7","36.6"
"GA.14","2011-12","Housing composition by tenure type","All ages","All people","All people","All areas","","","","Households","Home owners with a mortgage","","","95%CI","ABS Housing Occupancy and Costs","%","1.6","1.7","2.1","2.4","2.2","2.4","3.2","4.7","0.7"
"GA.14","2011-12","Housing composition by tenure type","All ages","All people","All people","All areas","","","","Households","Home owners without a mortgage","","","","ABS Housing Occupancy and Costs","%","31.2","33.6","28.1","27.0","33.9","35.3","26.2","16.5","30.9"
"GA.14","2011-12","Housing composition by tenure type","All ages","All people","All people","All areas","","","","Households","Home owners without a mortgage","","","95%CI","ABS Housing Occupancy and Costs","%","1.4","1.4","1.9","2.0","2.2","2.5","2.8","3.5","0.7"
"GA.15","2021","Households residing in community housing","All ages","All people","All people","All areas","","","","Households","Residing in community housing","","","","ABS (unpublished) Census of Population and Housing","%","1.0","0.5","0.6","0.8","1.4","1.3","0.6","3.0","0.8"
"GA.15","2016","Households residing in community housing","All ages","All people","All people","All areas","","","","Households","Residing in community housing","","","","ABS (unpublished) Census of Population and Housing","%","0.7","0.5","0.5","0.5","1.1","1.0","0.5","2.1","0.6"
"GA.15","2011","Households residing in community housing","All ages","All people","All people","All areas","","","","Households","Residing in community housing","","","","ABS (unpublished) Census of Population and Housing","%","0.7","0.5","0.6","0.7","1.1","0.8","0.5","2.9","0.7"
